원본,요약,요약 개조식,카테고리
 다양한 먹거리 체험이 있었음합니다.,다양한 먹거리 체험을 원함.,- 다양한 먹거리 체험을 원함,다양한 체험
" 확실히 예전에 비해 많이 트렌드 해졌다고 느낀다.
기획부분에서 아쉽다고 느낌-> 비슷비슷하달까… 근데 트렌드 면에서는 잘 짚었다고 봄
나중에는 ""차별화""를 둔 축제 기획을 원한다.
비슷해지는 것보다 눈에 띄는게 좋으니까",예전보다 트렌드해졌다고 느끼지만 기획은 비슷비슷해 아쉽고 앞으로는 눈에 띄는 차별화된 축제 기획을 원한다.,트렌드해졌다고 느끼지만 차별화된 축제 기획을 원한다,프로그램 부족
"5시 15분 공연 관광하고싶었으나
안내 미흡으로 위치만 찾아다니다 관광하지 못했다.
옷 만들기도 5시에 소진되어 하지 못했고
푸드트럭이 부족해보임.","5시 15분 공연을 안내 미흡으로 관람하지 못했고, 5시에 옷 만들기가 소진되어 참여하지 못했으며 푸드트럭이 부족해 보였다.","- 5시 15분 공연을 관람하지 못했고, 푸드트럭이 부족해",공연시설날씨
가수 ,가수,- 가수,공연시설날씨
"가수 출연가수 너무 부실함
정말 멀리서 걸어왔는데 가수가 저게 뭔가요?
양심 있나요?","가수 출연이 너무 부실해 멀리서 왔는데 실망했고 ""양심 있나요?""라며 항의함.",- 멀리서 왔는데 실망했고 양심 있나요? 라며 항의함,공연시설날씨
가족or친척 함께 어울릴 수 있는 행사,가족이나 친척이 함께 어울릴 수 있는 행사,- 가족이나 친척이 함께 어울릴 수 있는 행사,다양한 체험
가족단위 참여가 많기 때문에 체험부스 늘렸으면 좋겠다,가족 단위 참여가 많으니 체험부스를 늘렸으면 좋겠음.,- 가족 단위 참여가 많으니 체험부스를 늘렸으면 좋겠음,다양한 체험
개최해주셔서 감사합니다.,행사를 개최해 주셔서 감사합니다.,- 행사를 개최해 주셔서 감사합니다.,다양한 체험
공연관람시 의자시설을 더욱 보완해주시면 좋을것 같습니다.,공연 관람 시 의자 시설을 보완해 달라고 요청함.,- 공연 관람 의자 시설 보완해 달라고 요청함,공연시설날씨
공장에서 진행된다고 하지만 많은 인원이 참여하기엔 다소 협소하다.,공장에서 진행되지만 많은 인원이 참여하기에는 공간이 다소 협소하다.,- 공장에서 진행되지만 공간 다소 협소,프로그램 부족
교통이 편이한 곳에서 했으면 좋겠어요.,교통이 편리한 곳에서 했으면 좋겠어요.,- 교통이 편리한 곳에서 했으면 좋겠어요.,다양한 체험
"교통편, 주차시설",교통편과 주차시설,- 교통편 주차시설,주차공간
"구미에는 어린이 가족이 많은데 어린이들과 함께 체험가능한 프로그램이
더 많았으면 좋겠습니다.",구미에는 어린이 가족이 많아 어린이들과 함께 체험 가능한 프로그램이 더 많았으면 좋겠습니다.,- 어린이들과 함께 체험 가능한 프로그램이 더 많았으면,프로그램 부족
"구미에는 자녀동반 가족이 많은데 
그에비해 체험프로그램 부족.",구미에는 자녀 동반 가족이 많은데 체험 프로그램이 부족하다.,- 구미에는 자녀 동반 많은데 체험 부족하다,프로그램 부족
기상악화시 대비 필요해보임 (당일 비로 인해 매우 불편),기상 악화 시 대비가 필요하며 당일 비로 인해 매우 불편했다.,- 기상 악화 시 대비가 필요하며 매우 불편했다,공연시설날씨
날씨(우천시) 대비 실내프로그램 좀 더 많았으면 좋겠습니다.,우천에 대비해 실내 프로그램을 더 늘렸으면 좋겠습니다.,- 실내 프로그램을 더 늘렸으면 좋겠습니다.,프로그램 부족
"날씨에 대한, 또는 주차 및 ??? 자세한 안내가 필요.",날씨에 대한 안내 또는 주차 및 ???에 대한 자세한 안내가 필요하다.,- 주차 및 ???에 대한 자세한 안내 필요하다,주차공간
남녀노소 같이 즐길수 있는 즐길거리를 좀 만드셨으면 좋겠습니다.,남녀노소가 함께 즐길 수 있는 즐길거리를 마련했으면 좋겠습니다.,- 남녀노소 함께 즐길거리 마련했으면 좋겠습니다,다양한 체험
너무 좋았음,너무 좋았음,- 너무 좋았음,다양한 체험
너무좋아요,너무 좋아요,- 너무 좋아요,공연시설날씨
"노면이 좋지 않아 장애인 휠체어 불편함.
화장실은 만족.","노면 상태가 좋지 않아 장애인 휠체어 이용이 불편했고, 화장실은 만족했다.",- 노면 좋지 않아 휠체어 불편했고 화장실 만족했다,바닥 불편
놀이 시설이 조금 더 있으면 좋겠다.,놀이 시설이 조금 더 있었으면 좋겠다.,- 놀이 시설이 조금 더 있었으면 좋겠다.,프로그램 부족
다른 폐공장을 적극적으로 활용,다른 폐공장을 적극적으로 활용,- 다른 폐공장을 적극적으로 활용,프로그램 부족
다양한 참여 프로그램이 있으면 좋을거 같아요.,다양한 참여 프로그램이 있으면 좋겠어요.,- 다양한 참여 프로그램 있으면 좋겠어요,프로그램 부족
다양한 체험 거리가 있었으면 좋겠습니다.,다양한 체험 거리를 원합니다.,- 다양한 체험 거리를 원합니다,다양한 체험
다양한 체험부스가 더 생겼으면 합니다. 어린아이들과 함께 할 수 있는…,어린아이들과 함께 할 수 있는 다양한 체험부스가 더 생겼으면 합니다.,- 어린아이들과 함께 다양한 체험부스 더 생겼으면,다양한 체험
다양한 체험부스가 많았음 좋겠습니다.,다양한 체험부스가 많았으면 좋겠습니다.,다양한 체험부스 많았으면 좋겠습니다,다양한 체험
다양한 프로그램 운행 했음,다양한 프로그램을 운행했음.,- 다양한 프로그램을 운행했음.,프로그램 부족
"다양한 프로그램이 부족하다.
식사, 여흥 등","다양한 프로그램(식사, 여흥 등)이 부족하다.","- 다양한 프로그램(식사, 여흥 등) 부족하다",프로그램 부족
다양한체험이 있었으면 좋겠어요.,다양한 체험이 있었으면 좋겠다고 응답했다.,- 다양한 체험이 있었으면 좋겠다고 응답했다,프로그램 부족
다음엔 날씨가 더 좋기를 기원합니다.,다음엔 날씨가 더 좋기를 기원합니다.,- 다음엔 날씨가 더 좋기를 기원합니다,공연시설날씨
대기줄 너무 길음.,대기줄이 너무 길다.,- 대기줄 너무 길다,바닥 불편
"드론 너무 좋은. 
그냥 행사 하지 말고 특별한 행사 원함. 질좋은 행사. 요즘 너무 시시한행사(예산낭비인듯) 많은. ",드론을 너무 좋아하고 그냥 행사는 하지 말고 질 좋은 특별한 행사를 원하며 요즘 시시한 행사(예산낭비인 듯)가 많다고 응답함.,- 드론을 좋아하고 질 좋은 특별한 행사 원하며,다양한 체험
드론쇼&(추후)불꽃쇼 기대됩니다.,드론쇼와 (추후) 불꽃쇼를 기대합니다.,- 드론쇼와 (추후) 불꽃쇼를 기대합니다.,공연시설날씨
땅바닥에 지푸라기(?) 같은거 많이 깔아주시면 좋겠네요.,땅바닥에 지푸라기 같은 걸 많이 깔아주면 좋겠어요.,- 지푸라기 많이 깔아주면 좋겠어요.,다양한 체험
땅이 너무 축축하고 물렁해요 ㅠ,땅이 너무 축축하고 물렁해요.,- 땅이 너무 축축하고 물렁해요.,바닥 불편
마실??만늘었으면 좋겠어,마실만 늘었으면 좋겠어.,- 마실만 늘었으면 좋겠어.,다양한 체험
만족한다,행사에 만족한다.,- 행사에 만족한다.,다양한 체험
"먹거리 부스가 더 다양했으면 좋겠습니다.
레트로 게임 코너 같은 프로그램은 더 확충해도 좋을것 같습니다.
홍보를 더 과감하게 해도 좋겠습니다.
지역 대표 먹거리 선산곱창, 금오산 막걸리, 선산 주조 ???과의 연계 푸드코너를 마련해도 좋겠습니다.
방림 공장 내 빈부지를 최대한 더 활용해도 좋을것 같습니다.","먹거리 부스 다양화, 레트로 게임 코너 확충, 과감한 홍보, 선산곱창·금오산 막걸리·선산 주조 ??? 연계 푸드코너 마련, 방림 공장 내 빈부지 최대한 활용을 원합니다.",- 먹거리 다양화 코너 확충 홍보 빈부지 활용,다양한 체험
"먹거리 뿐만이 아닌 마실걸 팔았으면 좋겠으며,
좀 더 다양했으면 좋겠다.",음식뿐만 아니라 마실 것도 판매하고 품목을 더 다양하게 했으면 좋겠다.,- 음식뿐만 아니라 마실 것도 판매 품목 다양하게,프로그램 부족
먹거리 종류가 많이 없어서 아쉽네요,먹거리 종류가 적어 아쉬웠다.,- 먹거리 종류 적어 아쉬웠다,다양한 체험
"먹거리, 쇼핑, 전시","먹거리, 쇼핑, 전시","- 먹거리, 쇼핑, 전시",다양한 체험
"먹거리/볼거리/개선되어야함.
중간행사가 부족하다.",먹거리와 볼거리가 개선되어야 하고 중간 행사가 부족하다.,- 먹거리와 볼거리가 개선되어야 하고 중간 행사가 부족하다,다양한 체험
"먹거리가 더 다양했으면 좋겠어요!
구미에서 이런 행사가 열려서 너무 좋아요.
더 잘 돼서 더 많은 가수를 부를 수 있었으면 좋겠습니다~","구미에서 이런 행사가 열려서 너무 좋고, 먹거리가 더 다양했으면 좋겠으며 행사가 더 잘돼서 더 많은 가수를 부를 수 있었으면 좋겠다.",구미에서 이런 행사가 열려서 너무 좋고,다양한 체험
모름,모름,모름,공연시설날씨
"물이 없다. (수도물)
커피가 없다. (6000원 비싸다)
먹거리가 약하다.
체험 예약제가 좋으나 너무 일찍 마감되어 불편하다.","수도물이 없고, 커피가 없으며(6000원 비싸다), 먹거리가 약하고 체험 예약제는 좋지만 너무 일찍 마감되어 불편하다.",- 수도물이 없고 커피가 없으며 체험 예약제는 불편하다,바닥 불편
"미디어아트 보강, 축제아이템 다양화",미디어아트 보강과 축제 아이템 다양화,"- 미디어아트 보강, 축제 아이템 다양화",다양한 체험
"미디어아트의 다양화나 볼거리가 좀 더 늘었으면 좋겠고
가족들과 아이들이 함께 대기시간이 길지 않게
체험할 수 있는 체험부스가 늘어난다면 좀 더 즐길 수 있는 축제로 발전할 것입니다.",미디어아트의 다양화와 볼거리 확대 및 가족과 아이들이 대기시간이 길지 않게 함께 체험할 수 있는 체험부스가 늘어나면 좀 더 즐길 수 있는 축제로 발전할 것입니다.,- 미디어아트의 다양화 체험부스 늘어나면 축제로 발전할,다양한 체험
바닥 좀 신경써주히소.,바닥을 신경 써 달라고 요청함.,- 바닥을 신경 써 달라고 요청함.,공연시설날씨
"바닥에 흙때문에 보행이 조금 불편했다.
매트를 많이 깔아주면 좋겠다.",바닥에 흙이 있어 보행이 불편했으니 매트를 더 많이 깔아주면 좋겠다.,- 바닥에 흙이 보행이 불편했으니 매트를 더 깔아주면,바닥 불편
번호표(대기표) 뽑는 시스템이 있으면 좋겠습니다. 대기줄 X,번호표(대기표) 뽑는 시스템이 있어서 대기줄이 없었으면 좋겠습니다.,- 번호표(대기표) 뽑는 시스템이 있어서 대기줄이 없었으면 좋겠습니다.,공연시설날씨
"볼거리, 먹을거리 다양화",볼거리와 먹을거리 다양화,- 볼거리 먹을거리 다양화,다양한 체험
"볼거리가 너무없다.
준비가 잘 안 된듯 하다.
퀄리티 너무 떨어짐.",볼거리가 너무 없고 준비가 잘 안 된 듯하며 퀄리티가 너무 떨어진다.,- 볼거리가 너무 없고 퀄리티가 떨어진다,바닥 불편
볼거리가 더 있으면 좋겠습니다.,볼거리가 더 있으면 좋겠습니다.,- 볼거리가 더 있으면 좋겠습니다.,다양한 체험
비 때매 바닥이 질퍽한 점,비 때문에 바닥이 질퍽했다.,- 비 때문에 바닥 질퍽했다,바닥 불편
"비가 온 뒤라 땅이 축축했다.
이용이 불편함. (아이동반)",비가 온 뒤 땅이 축축해 아이 동반 시 이용이 불편했다.,- 비 온 땅 축축해 아이 동반 불편했다,바닥 불편
비가 와서 의자관람이 불편했지만 프로그램은 편했습니다,비가 와서 의자 관람이 불편했지만 프로그램은 편했습니다,- 비가 와서 의자 관람이 불편했지만 프로그램은 편했습니다,공연시설날씨
"비가 와서 조금 아쉬웠습니다.
하지만 전반적으로 좋았습니다.",비가 와서 아쉬웠지만 전반적으로 좋았습니다.,- 비가 와서 아쉬웠지만 전반적으로 좋았습니다.,다양한 체험
비가와서 실내가 많았으면..,비가 와서 실내가 많았으면 좋겠어요.,- 비가 와서 실내가 많았으면 좋겠어요.,다양한 체험
"비가와서 힘들어요 ㅠ
비 피할 수 있는 천막이 필요해요 ㅠ",비가 와서 불편하니 비를 피할 수 있는 천막이 필요해요.,- 비가 불편하니 천막이 필요해요,공연시설날씨
비예보가 있는데 관객들에게 줄 비옷하나 주지 않고 안전요원들이 인상을 너무 쓰고 있어 무서웠다.,비 예보가 있었는데 관객들에게 줄 비옷 하나 주지 않았고 안전요원들이 인상을 너무 쓰고 있어 무서웠다.,예보 있었는데 비옷 주지 않았고 안전요원들이 무서웠다,공연시설날씨
비오는거 고려 부탁,비 오는 것 고려해 주세요.,- 비 오는 것 고려해 주세요,공연시설날씨
비온 뒤 바닥 불편,비 온 뒤 바닥이 불편했다.,- 비 온 뒤 바닥 불편했다.,바닥 불편
비온 뒤 바닥 불편,비 온 뒤 바닥이 불편하다.,- 비 온 뒤 바닥이 불편하다.,바닥 불편
비올수 있는 걸 대비해서 먹거리 테이블이 잘 정리되었으면 좋겠다,비가 올 경우를 대비해 먹거리 테이블을 잘 정리했으면 좋겠다.,- 비가 올 경우를 대비해 먹거리 테이블을 정리했으면,다양한 체험
비와서ㅠㅠ 앉을곳 없음,비가 와서 앉을 곳이 없음.,- 비가 와서 앉을 곳이 없음,바닥 불편
"사전 주차 시설 공지, 길거리 휴지통 설치",사전 주차 시설 공지와 길거리 휴지통 설치,- 사전 주차 시설 공지와 길거리 휴지통 설치,주차공간
"셔틀버스 탑승위치?? 홍보 목록.
주차장 안내 목록","셔틀버스 탑승 위치와 홍보 목록, 주차장 안내 목록.",- 셔틀버스 탑승 위치와 홍보 목록 주차장 안내,주차공간
셔틀시간 많이 늘려주세요.,셔틀 시간을 많이 늘려 달라고 요청함.,- 셔틀 시간을 많이 늘려 달라고 요청함,공연시설날씨
"속빈강정.
자원봉사자 및 진행요원 행사 인지 부족.
게임기 개수 부족, 대기시간 너무 김.
물푼보관함 없음.
체험개수 부족.","속빈강정, 자원봉사자 및 진행요원 행사 인지 부족, 게임기 개수 부족으로 대기시간이 너무 김, 물푼보관함 없음, 체험개수 부족.",- 속빈강정 자원봉사자 인지 부족 게임기 개수 부족,바닥 불편
솜사탕 먹을 수 있는 부스가 있으면 좋겠어요 :),솜사탕을 먹을 수 있는 부스가 있으면 좋겠어요.,- 솜사탕 부스 있으면 좋겠어요,다양한 체험
순서 기다리는 것에 대한 안내 필요,순서를 기다리는 것에 대한 안내가 필요하다.,- 순서를 기다리는 것에 대한 안내가 필요하다,공연시설날씨
시설 인프라를 좀 더 편리하게 하셔야겠습니다.,시설 인프라를 좀 더 편리하게 개선해야 한다.,시설 인프라 좀 더 편리하게 개선해야,프로그램 부족
실내 프로그램 개설 증진 부탁드립니다.,실내 프로그램을 더 많이 개설해 달라고 요청함.,- 실내 프로그램을 더 많이 개설해 달라고 요청함.,프로그램 부족
"아기들 있는데 드론 축제 때 담배 피우는 사람 있었음.
체험할 곳 더 많았으면 합니다.
VR체험 한 대 더 있었으면.","드론 축제 때 아기들 있는 곳에서 누군가 담배를 피웠고, 체험할 곳이 더 많았으면 좋겠으며 VR 체험 기기가 한 대 더 있었으면 합니다.",- VR 체험 기기가 한 대 더 있었으면,다양한 체험
아이돌 초대가수 초청해주세요,아이돌 초대 가수를 초청해 주세요.,- 아이돌 초대 가수를 초청해 주세요.,공연시설날씨
아이들 놀거리 없음,아이들을 위한 놀거리가 없음,- 아이들을 위한 놀거리가 없음,공연시설날씨
"아이들 참여 놀이가 더 많았으면 좋겠어요.
앉아서 쉴 곳도 더 있으면 좋겠어요.",아이들이 참여할 놀이가 더 많고 앉아 쉴 수 있는 곳도 더 있었으면 좋겠어요.,- 놀이가 더 많고 앉아 쉴 곳도,다양한 체험
아이들 체험이 더 다양했으면,아이들 체험이 더 다양했으면 좋겠다.,아이들 체험 더 다양했으면 좋겠다,프로그램 부족
"아이들과 체험 행사가 많이 있음 좋겠다.
먹거리가 저렴하면 더 좋을거 같다.
기념품 증정이 있음 좋겠다.","아이들을 위한 체험 행사와 저렴한 먹거리, 기념품 증정이 있으면 좋겠다.","- 아이들을 위한 행사와 저렴한 먹거리, 기념품 증정",다양한 체험
아이들의 무료 체험이 다양했으면 합니다.,아이들을 위한 무료 체험 프로그램이 다양했으면 한다.,- 아이들을 위한 무료 체험 프로그램이 다양했으면 한다,다양한 체험
아이들이 참여할 수 있는 부스체험이 많았으면 좋겠습니다.,아이들이 참여할 수 있는 부스 체험이 많았으면 좋겠습니다.,- 아이들이 참여할 수 있는 부스 체험이 많았으면,다양한 체험
아이들이(미취학) 참여할 수 있는 프로그램이 많았으면 좋겠어요.,미취학 아동이 참여할 수 있는 프로그램을 더 많이 마련했으면 좋겠습니다.,- 미취학 아동이 참여할 있는 프로그램을 더 마련했으면,프로그램 부족
아직 뭔가 부조화 된 느낌입니다.,아직 뭔가 부조화된 느낌이다.,- 아직 뭔가 부조화된 느낌이다.,바닥 불편
안내표(?)가 너무 복잡해서 한눈에 안들어옴,안내표가 너무 복잡해서 한눈에 들어오지 않는다.,- 안내표가 너무 복잡해서 한눈에 들어오지 않는다,바닥 불편
애들을 위한 공간이 더 마련되길 바래요,아이들을 위한 공간이 더 마련되기를 바란다.,- 아이들을 위한 공간 더 마련되기를 바란다,프로그램 부족
예약제가 아닌 선착순 참여로 진행되었으면함. 아이들이 즐길거리가 부족함,예약제가 아니라 선착순 참여로 진행되었으면 좋겠고 아이들이 즐길 거리가 부족하다고 느꼈다.,- 선착순 참여로 좋겠고 아이들이 즐길 거리가 부족하다고,다양한 체험
"예약제인 경우 전달이 되지 않아 줄을 서서 긴 시간 기다렸으나, 예약하지 않아 이용이 불가능하였다. 
안내가 필요하다.",예약제임을 알리지 않아 줄서서 오래 기다렸으나 예약이 없어 이용하지 못해 안내가 필요하다.,- 예약제임을 알리지 않아 이용하지 못해 안내가 필요하다,공연시설날씨
우천 시 피할 곳이 부족,우천 시 피할 곳이 부족함.,- 우천 시 피할 곳이 부족함,바닥 불편
"우천대비 우비제공,
휴식공간 추가필요",우천 대비 우비 제공과 휴식공간 추가 필요.,- 우천 대비 우비 제공과 휴식공간 추가 필요.,공연시설날씨
"우천시 관람객 안내 혹은 우비 나눔, 우산대여",우천 시 관람객을 위한 안내와 우비 나눔 또는 우산 대여.,- 우천 관람객 안내 우비 나눔 우산 대여,공연시설날씨
우천시 대비가 좀 더 되었으면 좋겠음. ,우천 시 대비가 좀 더 필요하다고 응답함.,- 우천 시 대비가 좀 더 필요하다고 응답함.,공연시설날씨
우천시 바닥 물기 없도록 시설 추가 요망,우천 시 바닥에 물기가 생기지 않도록 시설을 추가해 달라고 요청함.,- 우천 시 바닥에 물기 생기지 않도록 요청함,공연시설날씨
"우천시 비올때를 대비해 프로그램 개설과 
예약프로그램이 없어지면 좋겠다.",우천 시를 대비한 프로그램을 개설하고 예약 프로그램은 없어졌으면 좋겠다.,- 우천 대비한 프로그램을 개설하고 예약 프로그램은 없어졌으면,공연시설날씨
"우천시에 대응이 조금 더 원활했으면 좋았을 것 같다.
시민들은 우천시에도 함께 진행했는데 진행요원들이 조금 더 원활하게 대응했으면 좋겠다.",우천 시 시민들이 함께 진행한 상황에서도 진행요원들이 더 원활하게 대응했으면 좋겠다.,- 우천 시 진행요원들이 더 원활하게 대응했으면 좋겠다,프로그램 부족
위치 주차시설,위치와 주차시설,- 위치 주차시설,주차공간
음료푸드트럭도 같이 있었으면 좋겠다. 체험 및 기타 즐길거리가 더 다양했으면 좋겠다,음료 푸드트럭이 있었으면 좋겠고 체험 및 기타 즐길거리가 더 다양했으면 좋겠다.,- 음료 푸드트럭 있었으면 좋겠고 체험 즐길거리가 다양했으면,다양한 체험
음식이 더 많으면 좋겠다,음식이 더 많았으면 좋겠다.,- 음식이 더 많았으면 좋겠다.,다양한 체험
"의무실, 수유실 필요합니다.",의무실과 수유실이 필요합니다.,- 의무실과 수유실이 필요합니다.,바닥 불편
"이번에는 추석연휴에 행사를 했는데, 토요일, 일요일 해도 좋을듯하다.
체험하는데 오랜시간을 기다려야 했다.
제6링고??의 한자 과학 체험이 제일 좋았다.
자기가 득점한 점수도 볼 수 있고 간만에 도파민이 셈 솟았다.","이번 행사는 추석연휴에 했는데 토요일·일요일에도 하면 좋겠고, 체험 대기 시간이 길었으며 제6링고??의 한자 과학 체험이 제일 좋았고 자기가 득점한 점수를 볼 수 있어 간만에 도파민이 셈 솟았다.",- 토요일·일요일에도 하면 좋겠고 대기 길었으며 도파민이 솟았다,다양한 체험
자리가 더 많음 좋겠습니다,자리가 더 많았으면 좋겠습니다.,- 자리가 더 많았으면 좋겠습니다.,프로그램 부족
"자세한 안내문 필요.
다양한 체험, 가수 초청보다 예술공연을 많이 하면 좋겠다.",자세한 안내문이 필요하고 다양한 체험이나 가수 초청보다 예술공연을 더 많이 했으면 좋겠다.,- 자세한 안내문이 필요하고 예술공연을 더 많이,프로그램 부족
작년 대비 좋아졌어요.,작년 대비 좋아졌어요.,- 작년 대비 좋아졌어요.,다양한 체험
장소가 좀 더 넓고 교통편이 편한곳이면 좋겠어요.,장소가 더 넓고 교통편이 편한 곳이면 좋겠어요.,- 장소가 더 넓고 교통편이 편한 곳이면 좋겠어요.,다양한 체험
"장소를 더 잘 꾸며주세요.
먹거리 부문이 좀 아쉬워요.",행사 장소를 더 잘 꾸미고 먹거리 부문이 아쉬웠다.,- 행사 장소 더 잘 꾸미고 먹거리 아쉬웠다,다양한 체험
"장소협소하고
프로그램 예약이 시간이 짧아요 (너무 어렵다)",장소가 협소하고 프로그램 예약 시간이 짧아 너무 어렵다.,- 장소가 협소하고 예약 시간이 짧아 너무 어렵다.,공연시설날씨
접근성 및 장애인 활동 어려움,접근성 및 장애인 활동 어려움,- 접근성 장애인 활동 어려움,바닥 불편
조금 더 다양하고 저렴한 푸드,조금 더 다양하고 저렴한 푸드,- 조금 더 다양하고 저렴한 푸드,프로그램 부족
"조금 더 다양한 즐길거리 및 주제에 적합한 전시가 많았으면 좋겠습니다.
파이팅!","조금 더 다양한 즐길거리와 주제에 적합한 전시가 많았으면 좋겠고, 파이팅!",- 조금 더 다양한 전시가 많았으면 좋겠고 파이팅,다양한 체험
조금 더 다양했으면,조금 더 다양했으면.,조금 더 다양했으면.,프로그램 부족
조금만 더 다양해지면 좋을 것 같습니다,조금만 더 다양해지면 좋을 것 같습니다,- 더 다양해지면 좋을 것 같습니다,프로그램 부족
좀 더 넓은 장소에서 했으면 함.,행사를 더 넓은 장소에서 했으면 한다.,- 행사를 더 넓은 장소에서 했으면 한다,다양한 체험
좀 더 아이들이 참여할 수 있는 행사 요청,아이들이 더 많이 참여할 수 있는 행사를 요청함.,- 아이들이 많이 참여할 수 있는 행사를 요청함,다양한 체험
좀 더 적극적인 홍보가 필요합니다.,더 적극적인 홍보가 필요합니다.,- 더 적극적인 홍보가 필요합니다.,프로그램 부족
좀 더 체험이 다양하면 좋겠습니다,체험 프로그램이 더 다양했으면 좋겠다고 응답함.,- 체험 프로그램이 더 다양했으면 좋겠다고 응답함.,프로그램 부족
좋았어요♥,좋았어요♥,- 좋았어요♥,다양한 체험
좋은 축제 감사합니다.,좋은 축제 감사합니다.,- 좋은 축제 감사합니다,다양한 체험
"주차 문제, 쉴 공간",주차 문제와 쉴 공간,- 주차 문제와 쉴 공간,주차공간
주차(임산부라 멀리 주차해서 힘들었음),임산부라 주차를 멀리 해서 힘들었다.,- 임산부라 주차를 멀리 해서 힘들었다,바닥 불편
"주차, 주차안내요원",주차와 주차 안내요원,- 주차와 주차 안내요원,주차공간
주차공간,주차공간,- 주차공간,주차공간
주차공간,주차공간,- 주차공간,주차공간
주차공간 미흡,주차공간이 미흡했다.,- 주차공간이 미흡했다.,주차공간
주차공간 확보,주차공간 확보,- 주차공간 확보,주차공간
주차공간마련,주차 공간 마련,- 주차 공간 마련,주차공간
주차불편,주차가 불편하다.,- 주차가 불편하다.,주차공간
주차시설,주차시설,- 주차시설,주차공간
주차시설 부족,주차시설이 부족하다.,- 주차시설 부족하다,주차공간
주차시설 확보,주차시설 확보,- 주차시설 확보,주차공간
주차안내 및 주변 공장과의 협의,주차 안내와 주변 공장과의 협의,- 주차 안내 주변 공장과의 협의,주차공간
주차자리부족,주차 공간 부족,- 주차 공간 부족,주차공간
주차장,주차장,- 주차장,주차공간
주차장,주차장,- 주차장,주차공간
주차장 안내 미흡,주차장 안내가 미흡했다.,- 주차장 안내 미흡했다,주차공간
주차장 안내 미흡,주차장 안내가 미흡했다.,- 주차장 안내 미흡했다,주차공간
"주차장 안내가 부족했음.
없으면 안내라도 미리 고지했으면 좋겠음.","주차장 안내가 부족했고, 주차장이 없으면 그 사실을 미리 안내해 주었으면 좋겠음.",- 주차장 안내가 부족했고 미리 안내해 주었으면 좋겠음,주차공간
주차장 확보,주차장 확보,- 주차장 확보,주차공간
주차장 확보 했으면 합니다.,주차장을 확보해 주셨으면 합니다.,- 주차장을 확보해 주셨으면 합니다.,주차공간
주차장을 더 많이 해주셨음 좋겠습니다.,주차장을 더 많이 해주셨으면 좋겠습니다.,- 주차장을 더 많이 해주셨으면 좋겠습니다.,주차공간
주차장을 많이 넓혀주셨음 좋겠어요,주차장을 많이 넓혀주었으면 좋겠어요.,- 주차장을 많이 넓혀주었으면 좋겠어요,주차공간
주차장이 불편해요.,주차장이 불편하다고 느낍니다.,주차장이 불편하다고 느낍니다.,주차공간
주차장이 없어서 주차하는데 불편함을 겪었다.,주차장이 없어 주차에 불편을 겪었다.,- 주차장이 없어 주차에 불편을 겪었다,주차공간
줄서기 시간이 다소 김,줄서기 시간이 다소 김,- 줄서기 시간이 다소 김,공연시설날씨
줄서는 대기시간이 오래걸림. 주차장 확보 시급.,줄 서는 대기 시간이 오래 걸리고 주차장 확보가 시급하다.,"- 줄 서는 대기 오래 걸리고, 주차장 시급하다",주차공간
지속적으로,지속적으로,- 지속적으로,공연시설날씨
"진흙 때문에 다니기 불편했음 (신발, 옷 등 훼손됨)",진흙 때문에 이동이 불편했고 신발과 옷이 훼손되었다.,- 진흙 때문에 이동이 불편했고 신발과 옷이 훼손되었다.,바닥 불편
차량 이동 관련 주차장을 더 만들어 주세요.,차량 이동 관련 주차장을 더 만들어 주세요.,- 차량 이동 관련 주차장을 더 만들어 주세요,주차공간
체험 놀이를 더 보충해주세요.,체험 놀이를 더 보충해 달라고 요청했다.,- 체험 놀이를 더 보충해 달라고 요청했다,공연시설날씨
체험 부스 다양화. 눈으로도 응원합니다 ^^,체험 부스 다양화를 요청하며 눈으로도 응원합니다.,- 체험 부스 다양화를 요청하며 눈으로도 응원합니다.,프로그램 부족
체험 행사 및 먹거리가 좀 더 늘었으면 좋겠어요,체험 행사와 먹거리가 좀 더 늘었으면 좋겠다고 함.,- 체험 행사와 먹거리가 늘었으면 좋겠다고,다양한 체험
체험부스가 더 많았으면 좋겠음.,체험부스가 더 많았으면 좋겠음.,- 체험부스가 더 많았으면 좋겠음,프로그램 부족
체험부스가 더 있었으면 좋겠다.,체험부스가 더 많았으면 좋겠다.,- 체험부스가 더 많았으면 좋겠다.,프로그램 부족
"체험부스당 인원수가 매우 부족하다 느낌.
13시 30분에 왔는데도 2부(17:00) 이후부터 예약이 가능하다 하여 체험할 수 없어 아쉬웠음.",체험부스당 인원 수가 매우 적어 13시 30분에 갔는데도 2부(17:00) 이후부터 예약이 가능해 체험하지 못해 아쉬웠다.,- 체험부스당 인원 수가 적어 체험하지 못해 아쉬웠다,공연시설날씨
체험부스를 더 크게 만들어 줬으면 합니다.,체험부스를 더 크게 해주길 원함.,- 체험부스를 더 크게 해주길 원함.,프로그램 부족
체험프로그램의 다양성,체험 프로그램의 다양성,- 체험 프로그램 다양성,프로그램 부족
체험프로그램이 더 생겼으면 좋겠음,체험 프로그램을 더 늘렸으면 좋겠다.,- 체험 프로그램 더 늘렸으면 좋겠다,프로그램 부족
체험프로그램이 조금 더 다양하게 많았으면 좋겠어요,체험프로그램이 더 다양하고 많았으면 좋겠어요.,- 체험프로그램이 더 다양하고 많았으면 좋겠어요,프로그램 부족
축제 홍보가 더 필요할 것 같다,축제 홍보가 더 필요할 것 같다.,- 축제 홍보가 더 필요할 것 같다,프로그램 부족
"축제는 아이들이 즐길거리가 많아야 흥합니다.
컨셉이 애매해요. 응원함.
큰 투자는 많아보이는데 컨텐츠가 적어요.","축제는 아이들이 즐길거리가 많아야 흥하고, 컨셉이 애매하지만 응원하며, 큰 투자는 많아 보이는데 컨텐츠가 적어요.",축제 즐길거리가 많아야 흥하고 컨텐츠가 적어요,다양한 체험
"취지는 좋으나, 조금 더 발전이 필요해보임.",취지는 좋으나 조금 더 발전이 필요해 보입니다.,- 취지는 좋으나 발전이 조금 더 필요해 보입니다,프로그램 부족
커피 한 잔이 6000원 물가비교 테이크아웃금액이 비싸고 부스참여는 할 수 있는게 없이 예약이 끝났는데 고지도 안 되어있어 사람들이 서서 20명정도 계속 하는건가 물어보고 있어요,"커피가 6000원으로 테이크아웃 금액이 비싸고, 부스 참여할 수 있는 것이 없으며 예약은 끝났는데 고지되지 않아 사람들이 서서 20명 정도 계속 하는 건가 물어보고 있어요.",- 커피가 6000원으로 테이크아웃 금액이 비싸고,다양한 체험
편안한 실내커피숍 필요,편안한 실내 커피숍이 필요하다.,- 편안한 실내 커피숍 필요하다,바닥 불편
푸드 코너가 더 많았으면 좋겠음. 아주 다양하게,푸드 코너가 더 많고 아주 다양했으면 좋겠음.,- 푸드 코너가 더 많고 아주 다양했으면 좋겠음,프로그램 부족
"푸드코트의 다양성 및 질 개선, 참여 부스 확대",푸드코트의 다양성과 질을 개선하고 참여 부스를 확대해 달라.,- 푸드코트의 다양성과 질을 개선하고 참여 부스를 확대해,프로그램 부족
"푸드트럭, 음료 등 다양했으면 더 좋을 것 같고
간이화장실이 물부족이라서 아쉬웠지만 이정도면 전반적으로 훌륭한 행사여서 잘 즐기다 갑니다 ♥ 감사합니다!","푸드트럭·음료 등 다양한 먹거리가 있었으면 좋겠고 간이화장실의 물 부족은 아쉬웠지만 전반적으로 훌륭한 행사여서 잘 즐기고 갑니다, 감사합니다.",- 전반적으로 훌륭한 행사여서 잘 즐기고 갑니다 감사합니다,다양한 체험
"프로그램 다양성 추진! -> 사전예약 마감으로 인한 참여 불가…
주차 힘듬!","프로그램 다양성 추진, 사전예약 마감으로 참여할 수 없었고 주차가 힘들었다.",- 사전예약 마감으로 참여할 수 없었고 주차가 힘들었다.,주차공간
"프로그램 다양화 및 활성화, 시간대별 프로그램 진행, 사전예약홍보",프로그램을 다양화·활성화하고 시간대별로 프로그램을 진행하며 사전예약을 홍보한다.,- 프로그램을 다양화·활성화하고 시간대별로 프로그램을 진행하며 사전예약을 홍보한다,프로그램 부족
프로그램 이용시 1~2시간 뒤 오라고 해서 이용 잘못했어요.,프로그램 이용 시 1~2시간 뒤 오라고 해서 이용을 잘못했어요.,- 프로그램 이용 1~2시간 뒤 오라고 해서 잘못했어요,공연시설날씨
프로그램 자체는 많지만 많은 인원을 수용하지 못해서 이미 예약 마감 등 마감된 것들이 많아서 아쉬웠다.,프로그램은 다양했지만 수용 인원이 적어 이미 예약 마감된 것이 많아 아쉬웠다.,- 프로그램은 다양했지만 예약 마감된 것이 많아 아쉬웠다.,프로그램 부족
프로그램의 다양성. 개발???,프로그램의 다양성과 개발?,- 프로그램의 다양성과 개발?,프로그램 부족
프로그램이 더 다양했으면 좋겠다.,프로그램이 더 다양했으면 좋겠다.,- 프로그램이 더 다양했으면 좋겠다,프로그램 부족
"플리마켓인데 너무 적고 품목이 제한적…
미디어아트 실망…ㅠ 시민참여 작품이라도 더 다양하면 좋았을듯…",플리마켓이 너무 작고 품목이 제한적이며 미디어아트에 실망했고 시민참여 작품이 더 다양했으면 좋겠어요.,- 플리마켓이 너무 작고 품목이 제한적이며 미디어아트에 실망했고,프로그램 부족
홍보,홍보,홍보,프로그램 부족
홍보 필요함,홍보가 필요함.,- 홍보가 필요함.,프로그램 부족
"홍보가 더 필요.
사전 안내가 더 자세히 안내 되었으면 합니다.","홍보와 사전 안내가 더 필요하며, 사전 안내는 더 자세했으면 합니다.","- 홍보와 사전 안내 더 필요, 더 자세했으면",프로그램 부족
"홍보가 많이 되지 않았던것 같아요.
어제 저녁 홈플 근처 인원이 많은 것을 보고
찾아온 뒤 행사가 있었다는 것을 알게 되어 오늘 찾아 왔어요!
의미 있는 행사로 매년 하면 아이와 함께 참석하고 싶어요!",홍보가 많이 되지 않은 것 같고 어제 저녁 홈플 근처에 인원이 많은 것을 보고 행사 있다는 것을 알아 오늘 찾아왔으며 의미 있는 행사라 매년 아이와 함께 참석하고 싶어요.,- 매년 아이와 함께 참석하고 싶어요,다양한 체험
홍보를 더 많이 했으면 좋겠다.,홍보를 더 많이 했으면 좋겠다.,- 홍보를 더 많이 했으면 좋겠다.,프로그램 부족
"홍보를 조금 더 적극적으로 하면 많은 사람들이 알 수 있을 것 같다.
행사 시간을 오전에도 진행하였으면 좋겠다.","홍보를 더 적극적으로 해서 많은 사람들이 알 수 있도록 하고, 행사를 오전에도 진행했으면 좋겠다.","- 홍보를 더 적극적으로, 행사를 오전에도 진행했으면 좋겠다",프로그램 부족
"화장실 더 필요합니다.
우천에 대비해 이동구간 도로 포장이 필요합니다.",화장실이 더 필요하고 우천에 대비해 이동구간 도로 포장이 필요합니다.,- 화장실이 더 필요하고 이동구간 도로 포장이 필요합니다,공연시설날씨
화장실 청결도,화장실 청결도,- 화장실 청결도,주차공간
휴게공간 (좌석)이 좀 더 생기면 좋겠습니다.,휴게공간(좌석)을 더 늘렸으면 좋겠습니다.,- 휴게공간(좌석) 더 늘렸으면 좋겠습니다.,다양한 체험
"흙바닥이여서 비가 와서 신발이 더러워짐.
행사 부스 규모가 작아서 줄을 많이 기다려야했음.","행사장 흙바닥 때문에 비가 오자 신발이 더러워졌고, 부스가 작아 줄을 많이 기다려야 했다.",- 흙바닥 때문에 신발이 더러워졌고 부스가 작아 줄을,공연시설날씨
"흡연부스가 따로 없는건진 모르지만 아이들과 행사장 참여했는데
 냄새 등 때문에 좋지 않았어요.",아이들과 행사에 참여했는데 흡연부스가 따로 있는지 모르겠지만 담배 냄새 때문에 좋지 않았어요.,- 담배 냄새 때문에 좋지 않았어요,다양한 체험
